n,Tiempo,Iteraciones,Norm_grad
200,0.8828798,22,4.58885292633001e-06
