n,Tiempo,Iteraciones,Norm_gf
2,0.0091298,32,4.04033981473896e-07
10,0.0249538,111,1.98371030589967e-06
100,1.0470963,472,7.52308799698398e-06
200,3.6734158,748,8.56584195914987e-06
