n,Tiempo,Iteraciones,Norm_grad
2,0.0048783,39,3.40010383139759e-06
10,0.0224684,97,8.81421352561846e-06
100,1.2440364,377,9.95665896392753e-06
200,4.3087915,593,5.47374234825065e-06
