n,Memoria,Tiempo,Iteraciones,Norm_grad
200,1,0.4490228,12,4.69218558587325e-06
200,3,0.4426874,12,4.3278670628137e-06
200,5,0.4459043,12,5.31994765328136e-06
200,17,0.5086893,16,7.06942898507433e-06
200,29,0.5131254,16,7.06942898507433e-06
1000,1,10.2071224,12,2.76344690098779e-06
1000,3,10.0644126,12,2.76049509067839e-06
1000,5,10.1237803,12,3.87079629859569e-06
1000,17,11.7535219,17,6.63089472097114e-06
1000,29,11.8186824,17,6.63089472097114e-06
