n,Memoria,Tiempo,Iteraciones,Norm_grad
200,1,0.4355784,12,4.69218558587325e-06
200,3,0.4451327,12,4.77406602271125e-06
200,5,0.4384502,12,5.60339383149571e-06
200,17,0.4324915,12,5.59219165871587e-06
200,29,0.4342491,12,5.59219165871587e-06
1000,1,10.0360092,12,2.76344690098779e-06
1000,3,10.0103793,12,3.00349679187913e-06
1000,5,10.0378694,12,2.64951802371234e-06
1000,17,10.0334794,12,2.65026972637466e-06
1000,29,9.9933467,12,2.65026972637466e-06
