n,Tiempo,Iteraciones,Norm_grad
200,1.9437759,170,3.75587623004133e-06
