n,Tiempo,Iteraciones,Norm_gf
2,0.0151148,56,3.56713981836486e-06
10,0.0179227,126,1.20055280085587e-06
100,0.3835986,327,7.82275701297938e-06
200,0.7084354,398,6.58266428034316e-06
