n,Tiempo,Iteraciones,Norm_grad
2,0.0028056,56,3.56713981836486e-06
10,0.0092429,126,1.20055280085587e-06
100,0.3508541,327,7.82275701297938e-06
200,0.6834181,398,6.58266428034316e-06
